2006.0192
EQ1.1
E
AKYR     2006.17110             NaN         0.00000         0.00000 
ANOP     2006.02050             NaN         0.00000         0.00000 
ATRS     2006.02050             NaN         0.00000         0.00000 
GVDS     2006.48600             NaN         0.00000         0.00000 
KERY     2006.02050             NaN         0.00000         0.00000 
KITH     2006.02050             NaN         0.00000         0.00000 
KOUN     2006.45860             NaN         0.00000         0.00000 
KRYO     2006.02050             NaN         0.00000         0.00000 
MEN1     2006.02050             NaN         0.00000         0.00000 
MET4     2006.02050             NaN         0.00000         0.00000 
NEA1     2006.02050             NaN         0.00000         0.00000 
PSAR     2006.44220             NaN         0.00000         0.00000 
RLSO     2006.57630             NaN         0.00000         0.00000 
SPR2     2006.55170             NaN         0.00000         0.00000 
TUC2     2006.02050             NaN         0.00000         0.00000 
VASS     2006.02050             NaN         0.00000         0.00000 
XRSO     2006.02050             NaN         0.00000         0.00000 
N
AKYR     2006.17110             NaN         0.00000         0.00000 
ANOP     2006.02050             NaN         0.00000         0.00000 
ATRS     2006.02050             NaN         0.00000         0.00000 
GVDS     2006.48600             NaN         0.00000         0.00000 
KERY     2006.02050             NaN         0.00000         0.00000 
KITH     2006.02050             NaN         0.00000         0.00000 
KOUN     2006.45860             NaN         0.00000         0.00000 
KRYO     2006.02050             NaN         0.00000         0.00000 
MEN1     2006.02050             NaN         0.00000         0.00000 
MET4     2006.02050             NaN         0.00000         0.00000 
NEA1     2006.02050             NaN         0.00000         0.00000 
PSAR     2006.44220             NaN         0.00000         0.00000 
RLSO     2006.57630             NaN         0.00000         0.00000 
SPR2     2006.55170             NaN         0.00000         0.00000 
TUC2     2006.02050             NaN         0.00000         0.00000 
VASS     2006.02050             NaN         0.00000         0.00000 
XRSO     2006.02050             NaN         0.00000         0.00000 
U
AKYR     2006.17110         1.00000       957.24129        21.67361 
ANOP     2006.02050         0.00000       908.95830        16.71560 
ATRS     2006.02050         0.00000       868.94019        23.07411 
GVDS     2006.48600             NaN         0.00000         0.00000 
KERY     2006.02050         0.00000       885.48000        20.23785 
KITH     2006.02050         0.00000       882.40101        20.48790 
KOUN     2006.45860         1.00000       889.68477        44.97558 
KRYO     2006.02050         0.00000       876.09557        22.29471 
MEN1     2006.02050         0.00000       886.84558        19.86984 
MET4     2006.02050         0.00000       886.75067        19.89599 
NEA1     2006.02050         0.00000       886.11632        19.94939 
PSAR     2006.44220         1.00000       992.47413        37.38435 
RLSO     2006.57630         0.00000         0.00000         0.00000 
SPR2     2006.55170         0.00000         0.00000         0.00000 
TUC2     2006.02050         0.00000       886.03663        20.10504 
VASS     2006.02050             NaN       919.33404        14.81361 
XRSO     2006.02050         0.00000       886.12133        20.07892 
EQ1.2
E
AKYR     2006.17110             NaN         0.00000         0.00000 
ANOP     2006.02050             NaN         0.00000         0.00000 
ATRS     2006.02050             NaN         0.00000         0.00000 
GVDS     2006.48600             NaN         0.00000         0.00000 
KERY     2006.02050             NaN         0.00000         0.00000 
KITH     2006.02050             NaN         0.00000         0.00000 
KOUN     2006.45860             NaN         0.00000         0.00000 
KRYO     2006.02050             NaN         0.00000         0.00000 
MEN1     2006.02050             NaN         0.00000         0.00000 
MET4     2006.02050             NaN         0.00000         0.00000 
NEA1     2006.02050             NaN         0.00000         0.00000 
PSAR     2006.44220             NaN         0.00000         0.00000 
RLSO     2006.57630             NaN         0.00000         0.00000 
SPR2     2006.55170             NaN         0.00000         0.00000 
TRIZ     2006.02050             NaN         0.00000         0.00000 
TUC2     2006.02050             NaN         0.00000         0.00000 
VASS     2006.02050             NaN         0.00000         0.00000 
XRSO     2006.02050             NaN         0.00000         0.00000 
N
AKYR     2006.17110             NaN         0.00000         0.00000 
ANOP     2006.02050             NaN         0.00000         0.00000 
ATRS     2006.02050             NaN         0.00000         0.00000 
GVDS     2006.48600             NaN         0.00000         0.00000 
KERY     2006.02050             NaN         0.00000         0.00000 
KITH     2006.02050             NaN         0.00000         0.00000 
KOUN     2006.45860             NaN         0.00000         0.00000 
KRYO     2006.02050             NaN         0.00000         0.00000 
MEN1     2006.02050             NaN         0.00000         0.00000 
MET4     2006.02050             NaN         0.00000         0.00000 
NEA1     2006.02050             NaN         0.00000         0.00000 
PSAR     2006.44220             NaN         0.00000         0.00000 
RLSO     2006.57630             NaN         0.00000         0.00000 
SPR2     2006.55170             NaN         0.00000         0.00000 
TRIZ     2006.02050             NaN         0.00000         0.00000 
TUC2     2006.02050             NaN         0.00000         0.00000 
VASS     2006.02050             NaN         0.00000         0.00000 
XRSO     2006.02050             NaN         0.00000         0.00000 
U
AKYR     2006.17110         1.00000       957.24129        21.67361 
ANOP     2006.02050         0.00000       908.95830        16.71560 
ATRS     2006.02050         0.00000       868.94019        23.07411 
GVDS     2006.48600             NaN         0.00000         0.00000 
KERY     2006.02050         0.00000       885.48000        20.23785 
KITH     2006.02050         0.00000       882.40101        20.48790 
KOUN     2006.45860         1.00000       889.68477        44.97558 
KRYO     2006.02050         0.00000       876.09557        22.29471 
MEN1     2006.02050         0.00000       886.84558        19.86984 
MET4     2006.02050         0.00000       886.75067        19.89599 
NEA1     2006.02050         0.00000       886.11632        19.94939 
PSAR     2006.44220         1.00000       992.47413        37.38435 
RLSO     2006.57630         0.00000         0.00000         0.00000 
SPR2     2006.55170         0.00000         0.00000         0.00000 
TRIZ     2006.02050         0.00000       905.57214        16.95144 
TUC2     2006.02050         0.00000       886.03663        20.10504 
VASS     2006.02050             NaN       919.33404        14.81361 
XRSO     2006.02050         0.00000       886.12133        20.07892 
2008.1202
EQ2.1
E
ATRSJPA1     2008.57220             NaN         0.00000         0.00000 
KERYKITHKORI     2008.57770             NaN         0.00000         0.00000 
KRYO     2008.12050             NaN         0.00000         0.00000 
MEN1MET4PYLO     2008.12050             NaN         0.00000         0.00000 
SPET     2008.94180             NaN         0.00000         0.00000 
SPR2VASSN
ATRSJPA1     2008.57220             NaN         0.00000         0.00000 
KERYKITHKORI     2008.57770             NaN         0.00000         0.00000 
KRYO     2008.12050             NaN         0.00000         0.00000 
MEN1MET4PYLO     2008.12050             NaN         0.00000         0.00000 
SPET     2008.94180             NaN         0.00000         0.00000 
SPR2VASSU
ATRSJPA1     2008.57220             NaN         0.00000         0.00000 
KERYKITHKORI     2008.57770         0.00000         0.00000         0.00000 
KRYO     2008.12050         0.00000       285.63672        48.88625 
MEN1MET4PYLO     2008.12050         0.00000       208.18362        51.93374 
SPET     2008.94180             NaN         0.00000         0.00000 
SPR2VASSEQ2.2
E
ATRSJPA1     2008.57220             NaN         0.00000         0.00000 
KERYKITHKORI     2008.57770             NaN         0.00000         0.00000 
KRYO     2008.12050             NaN         0.00000         0.00000 
MEN1MET4PYLO     2008.12050             NaN         0.00000         0.00000 
SPET     2008.94180             NaN         0.00000         0.00000 
SPR2VASSN
ATRSJPA1     2008.57220             NaN         0.00000         0.00000 
KERYKITHKORI     2008.57770             NaN         0.00000         0.00000 
KRYO     2008.12050             NaN         0.00000         0.00000 
MEN1MET4PYLO     2008.12050             NaN         0.00000         0.00000 
SPET     2008.94180             NaN         0.00000         0.00000 
SPR2VASSU
ATRSJPA1     2008.57220             NaN         0.00000         0.00000 
KERYKITHKORI     2008.57770         0.00000         0.00000         0.00000 
KRYO     2008.12050         0.00000       285.63672        48.88625 
MEN1MET4PYLO     2008.12050         0.00000       208.18362        51.93374 
SPET     2008.94180             NaN         0.00000         0.00000 
SPR2VASS2008.1202
EQ3.1
E
JPA1     2008.57220             NaN         0.00000         0.00000 
KERYMET4PYLO     2008.12050             NaN         0.00000         0.00000 
SPR2VASSN
JPA1     2008.57220             NaN         0.00000         0.00000 
KERYMET4PYLO     2008.12050             NaN         0.00000         0.00000 
SPR2VASSU
JPA1     2008.57220             NaN         0.00000         0.00000 
KERYMET4PYLO     2008.12050         0.00000       208.18362        51.93374 
SPR2VASSEQ3.2
E
JPA1     2008.57220             NaN         0.00000         0.00000 
KERYMET4PYLO     2008.12050             NaN         0.00000         0.00000 
SPR2VASSN
JPA1     2008.57220             NaN         0.00000         0.00000 
KERYMET4PYLO     2008.12050             NaN         0.00000         0.00000 
SPR2VASSU
JPA1     2008.57220             NaN         0.00000         0.00000 
KERYMET4PYLO     2008.12050         0.00000       208.18362        51.93374 
SPR2VASS2013.7781
EQ4.1
E
MIL7     2013.77960             NaN         0.00000         0.00000 
NEAB     2013.77960             NaN         0.00000         0.00000 
RETH     2013.77960             NaN         0.00000         0.00000 
TUC2     2013.77960             NaN         0.00000         0.00000 
N
MIL7     2013.77960             NaN         0.00000         0.00000 
NEAB     2013.77960             NaN         0.00000         0.00000 
RETH     2013.77960             NaN         0.00000         0.00000 
TUC2     2013.77960             NaN         0.00000         0.00000 
U
MIL7     2013.77960         0.00000       -96.78137        45.29192 
NEAB     2013.77960         0.00000       -23.90917        43.49882 
RETH     2013.77960         0.00000       -80.05800        45.53793 
TUC2     2013.77960         0.00000       -33.96799        42.97567 
EQ4.2
E
NEAB     2013.77960             NaN         0.00000         0.00000 
RETH     2013.77960             NaN         0.00000         0.00000 
TUC2     2013.77960             NaN         0.00000         0.00000 
N
NEAB     2013.77960             NaN         0.00000         0.00000 
RETH     2013.77960             NaN         0.00000         0.00000 
TUC2     2013.77960             NaN         0.00000         0.00000 
U
NEAB     2013.77960         0.00000       -23.90917        43.49882 
RETH     2013.77960         0.00000       -80.05800        45.53793 
TUC2     2013.77960         0.00000       -33.96799        42.97567 
2014.3918
EQ5.1
E
AFYT     2014.39840             NaN         0.00000         0.00000 
ALE3     2015.01440             NaN         0.00000         0.00000 
ANAV     2014.39840             NaN         0.00000         0.00000 
ANDR     2014.39840             NaN         0.00000         0.00000 
ATAL     2014.40660             NaN         0.00000         0.00000 
AUT1     2014.39290             NaN         0.00000         0.00000 
AYD1     2014.39290             NaN         0.00000         0.00000 
AYVL     2014.39290             NaN         0.00000         0.00000 
BALK     2014.39290             NaN         0.00000         0.00000 
BANDBNDR     2014.39290             NaN         0.00000         0.00000 
CANA     2014.39290             NaN         0.00000         0.00000 
CESM     2014.39290             NaN         0.00000         0.00000 
DEIR     2014.39290             NaN         0.00000         0.00000 
DUTH     2014.39290             NaN         0.00000         0.00000 
DYNG     2014.39290             NaN         0.00000         0.00000 
EDES     2014.39840             NaN         0.00000         0.00000 
EDIR     2014.39290             NaN         0.00000         0.00000 
FLO2     2014.39840             NaN         0.00000         0.00000 
GOD1     2015.01710             NaN         0.00000         0.00000 
HALK     2014.39840             NaN         0.00000         0.00000 
HAR3     2014.41480             NaN         0.00000         0.00000 
IPS1     2014.43120             NaN         0.00000         0.00000 
IPSA     2014.39290             NaN         0.00000         0.00000 
ISTI     2014.39840             NaN         0.00000         0.00000 
IZMI     2014.39290             NaN         0.00000         0.00000 
KAL1     2015.01440             NaN         0.00000         0.00000 
KAL2     2014.82550             NaN         0.00000         0.00000 
KATE     2014.39290             NaN         0.00000         0.00000 
KAV1     2014.39840             NaN         0.00000         0.00000 
KIKA     2014.39290             NaN         0.00000         0.00000 
KIRL     2014.39290             NaN         0.00000         0.00000 
KOMO     2014.40380             NaN         0.00000         0.00000 
KORI     2014.39840             NaN         0.00000         0.00000 
KRU1     2014.39840             NaN         0.00000         0.00000 
KRYOKYMI     2015.01440             NaN         0.00000         0.00000 
LEMN     2014.39290             NaN         0.00000         0.00000 
LES4     2015.01440             NaN         0.00000         0.00000 
LYGO     2015.04180             NaN         0.00000         0.00000 
MET0     2014.39840             NaN         0.00000         0.00000 
NOA1     2014.39290             NaN         0.00000         0.00000 
NVRKORE1     2014.39840             NaN         0.00000         0.00000 
PRKV     2014.39290             NaN         0.00000         0.00000 
PRO2     2014.39840             NaN         0.00000         0.00000 
PTOL     2014.39840             NaN         0.00000         0.00000 
ROZH     2014.39290             NaN         0.00000         0.00000 
SALH     2014.39290             NaN         0.00000         0.00000 
SAM3     2014.39840             NaN         0.00000         0.00000 
SAN9     2014.39290             NaN         0.00000         0.00000 
SARY     2014.39290             NaN         0.00000         0.00000 
SERR     2014.39840             NaN         0.00000         0.00000 
SKOP     2014.39840             NaN         0.00000         0.00000 
SKYR     2014.39290             NaN         0.00000         0.00000 
SMOL     2014.82550             NaN         0.00000         0.00000 
SPET     2014.39840             NaN         0.00000         0.00000 
STRA     2014.39840             NaN         0.00000         0.00000 
SVIL     2014.48320             NaN         0.00000         0.00000 
SYRO     2014.39840             NaN         0.00000         0.00000 
TEKR     2014.39290             NaN         0.00000         0.00000 
THI1     2014.39840             NaN         0.00000         0.00000 
THS1     2014.39840             NaN         0.00000         0.00000 
VDVA     2014.39290             NaN         0.00000         0.00000 
VERI     2015.17590             NaN         0.00000         0.00000 
VOLO     2014.39840             NaN         0.00000         0.00000 
XIOS     2014.39840             NaN         0.00000         0.00000 
YENC     2014.39290             NaN         0.00000         0.00000 
N
AFYT     2014.39840             NaN         0.00000         0.00000 
ALE3     2015.01440             NaN         0.00000         0.00000 
ANAV     2014.39840             NaN         0.00000         0.00000 
ANDR     2014.39840             NaN         0.00000         0.00000 
ATAL     2014.40660             NaN         0.00000         0.00000 
AUT1     2014.39290             NaN         0.00000         0.00000 
AYD1     2014.39290             NaN         0.00000         0.00000 
AYVL     2014.39290             NaN         0.00000         0.00000 
BALK     2014.39290             NaN         0.00000         0.00000 
BANDBNDR     2014.39290             NaN         0.00000         0.00000 
CANA     2014.39290             NaN         0.00000         0.00000 
CESM     2014.39290             NaN         0.00000         0.00000 
DEIR     2014.39290             NaN         0.00000         0.00000 
DUTH     2014.39290             NaN         0.00000         0.00000 
DYNG     2014.39290             NaN         0.00000         0.00000 
EDES     2014.39840             NaN         0.00000         0.00000 
EDIR     2014.39290             NaN         0.00000         0.00000 
FLO2     2014.39840             NaN         0.00000         0.00000 
GOD1     2015.01710             NaN         0.00000         0.00000 
HALK     2014.39840             NaN         0.00000         0.00000 
HAR3     2014.41480             NaN         0.00000         0.00000 
IPS1     2014.43120             NaN         0.00000         0.00000 
IPSA     2014.39290             NaN         0.00000         0.00000 
ISTI     2014.39840             NaN         0.00000         0.00000 
IZMI     2014.39290             NaN         0.00000         0.00000 
KAL1     2015.01440             NaN         0.00000         0.00000 
KAL2     2014.82550             NaN         0.00000         0.00000 
KATE     2014.39290             NaN         0.00000         0.00000 
KAV1     2014.39840             NaN         0.00000         0.00000 
KIKA     2014.39290             NaN         0.00000         0.00000 
KIRL     2014.39290             NaN         0.00000         0.00000 
KOMO     2014.40380             NaN         0.00000         0.00000 
KORI     2014.39840             NaN         0.00000         0.00000 
KRU1     2014.39840             NaN         0.00000         0.00000 
KRYOKYMI     2015.01440             NaN         0.00000         0.00000 
LEMN     2014.39290             NaN         0.00000         0.00000 
LES4     2015.01440             NaN         0.00000         0.00000 
LYGO     2015.04180             NaN         0.00000         0.00000 
MET0     2014.39840             NaN         0.00000         0.00000 
NOA1     2014.39290             NaN         0.00000         0.00000 
NVRKORE1     2014.39840             NaN         0.00000         0.00000 
PRKV     2014.39290             NaN         0.00000         0.00000 
PRO2     2014.39840             NaN         0.00000         0.00000 
PTOL     2014.39840             NaN         0.00000         0.00000 
ROZH     2014.39290             NaN         0.00000         0.00000 
SALH     2014.39290             NaN         0.00000         0.00000 
SAM3     2014.39840             NaN         0.00000         0.00000 
SAN9     2014.39290             NaN         0.00000         0.00000 
SARY     2014.39290             NaN         0.00000         0.00000 
SERR     2014.39840             NaN         0.00000         0.00000 
SKOP     2014.39840             NaN         0.00000         0.00000 
SKYR     2014.39290             NaN         0.00000         0.00000 
SMOL     2014.82550             NaN         0.00000         0.00000 
SPET     2014.39840             NaN         0.00000         0.00000 
STRA     2014.39840             NaN         0.00000         0.00000 
SVIL     2014.48320             NaN         0.00000         0.00000 
SYRO     2014.39840             NaN         0.00000         0.00000 
TEKR     2014.39290             NaN         0.00000         0.00000 
THI1     2014.39840             NaN         0.00000         0.00000 
THS1     2014.39840             NaN         0.00000         0.00000 
VDVA     2014.39290             NaN         0.00000         0.00000 
VERI     2015.17590             NaN         0.00000         0.00000 
VOLO     2014.39840             NaN         0.00000         0.00000 
XIOS     2014.39840             NaN         0.00000         0.00000 
YENC     2014.39290             NaN         0.00000         0.00000 
U
AFYT     2014.39840         0.00000      -445.36553        46.33831 
ALE3     2015.01440             NaN         0.00000         0.00000 
ANAV     2014.39840         0.00000       -88.94421        47.40959 
ANDR     2014.39840         0.00000      -390.78537        43.41832 
ATAL     2014.40660         0.00000      -416.37341        40.20045 
AUT1     2014.39290         0.00000      -435.35666        39.20831 
AYD1     2014.39290         0.00000      -504.52423        40.98087 
AYVL     2014.39290         0.00000      -513.65499        40.48893 
BALK     2014.39290         0.00000      -521.78407        40.76154 
BANDBNDR     2014.39290         0.00000      -497.50459        39.20712 
CANA     2014.39290         0.00000      -511.80049        41.61003 
CESM     2014.39290         0.00000      -500.45073        40.25908 
DEIR     2014.39290         0.00000      -463.31163        40.80448 
DUTH     2014.39290         0.00000      -430.62203        38.89497 
DYNG     2014.39290         0.00000      -486.73421        39.48551 
EDES     2014.39840         0.00000      -271.37401        46.50556 
EDIR     2014.39290         0.00000      -497.63950        40.28538 
FLO2     2014.39840             NaN      -392.70678        88.14776 
GOD1     2015.01710             NaN         0.00000         0.00000 
HALK     2014.39840         0.00000      -295.77675        42.35190 
HAR3     2014.41480             NaN         0.00000         0.00000 
IPS1     2014.43120         0.00000         0.00000         0.00000 
IPSA     2014.39290         0.00000        15.23513        83.15557 
ISTI     2014.39840         0.00000      -471.87991        45.28976 
IZMI     2014.39290         0.00000      -429.76729        38.82176 
KAL1     2015.01440         0.00000         0.00000         0.00000 
KAL2     2014.82550         0.00000      1285.64590        86.84914 
KATE     2014.39290         0.00000      -410.69519        40.68886 
KAV1     2014.39840         0.00000      -241.17411        45.42180 
KIKA     2014.39290         0.00000      -205.33227        42.06605 
KIRL     2014.39290         0.00000      -205.99498        42.10828 
KOMO     2014.40380         0.00000      -458.86142        45.27195 
KORI     2014.39840         0.00000      -291.43873        42.51869 
KRU1     2014.39840         0.00000      -256.69023        43.30333 
KRYOKYMI     2015.01440             NaN         0.00000         0.00000 
LEMN     2014.39290         0.00000      -453.37805        39.14777 
LES4     2015.01440             NaN         0.00000         0.00000 
LYGO     2015.04180             NaN         0.00000         0.00000 
MET0     2014.39840         0.00000      -277.88006        42.56611 
NOA1     2014.39290         0.00000      -429.74239        38.72259 
NVRKORE1     2014.39840         0.00000      -308.31812        46.25765 
PRKV     2014.39290         0.00000       166.87740        42.96098 
PRO2     2014.39840         0.00000      -528.74827        50.37413 
PTOL     2014.39840         0.00000      -283.35679        42.66503 
ROZH     2014.39290         0.00000      -365.73665        42.50212 
SALH     2014.39290         0.00000      -333.65591        40.59052 
SAM3     2014.39840         0.00000      -281.76433        46.24311 
SAN9     2014.39290         0.00000      -443.60659        39.20887 
SARY     2014.39290         0.00000      -421.62997        39.62983 
SERR     2014.39840         0.00000      -418.24227        49.73796 
SKOP     2014.39840         0.00000      -249.02587        43.23426 
SKYR     2014.39290         0.00000      -448.07805        40.03614 
SMOL     2014.82550         0.00000      1195.65031        86.52624 
SPET     2014.39840         0.00000      -305.32700        42.61553 
STRA     2014.39840         0.00000      -111.76803        48.60908 
SVIL     2014.48320         0.00000      -120.21353        47.31862 
SYRO     2014.39840         0.00000      -483.39678        49.23669 
TEKR     2014.39290         0.00000      -361.24953        41.09049 
THI1     2014.39840         0.00000      -303.33784        43.02268 
THS1     2014.39840         0.00000      -446.06207        46.68021 
VDVA     2014.39290         0.00000       332.29677       130.93406 
VERI     2015.17590             NaN         0.00000         0.00000 
VOLO     2014.39840         0.00000      -382.08485        43.50895 
XIOS     2014.39840         0.00000      -470.09738        47.91064 
YENC     2014.39290         0.00000      -304.72173        41.70487 
EQ5.2
E
AFYT     2014.39840             NaN         0.00000         0.00000 
ALE3     2015.01440             NaN         0.00000         0.00000 
ANAV     2014.39840             NaN         0.00000         0.00000 
ANDR     2014.39840             NaN         0.00000         0.00000 
ATAL     2014.40660             NaN         0.00000         0.00000 
AUT1     2014.39290             NaN         0.00000         0.00000 
AYD1     2014.39290             NaN         0.00000         0.00000 
AYVL     2014.39290             NaN         0.00000         0.00000 
BALK     2014.39290             NaN         0.00000         0.00000 
BANDBNDR     2014.39290             NaN         0.00000         0.00000 
CANA     2014.39290             NaN         0.00000         0.00000 
CESM     2014.39290             NaN         0.00000         0.00000 
DEIR     2014.39290             NaN         0.00000         0.00000 
DUTH     2014.39290             NaN         0.00000         0.00000 
DYNG     2014.39290             NaN         0.00000         0.00000 
EDES     2014.39840             NaN         0.00000         0.00000 
EDIR     2014.39290             NaN         0.00000         0.00000 
FLO2     2014.39840             NaN         0.00000         0.00000 
GOD1     2015.01710             NaN         0.00000         0.00000 
HALK     2014.39840             NaN         0.00000         0.00000 
HAR3     2014.41480             NaN         0.00000         0.00000 
IPS1     2014.43120             NaN         0.00000         0.00000 
IPSA     2014.39290             NaN         0.00000         0.00000 
ISTI     2014.39840             NaN         0.00000         0.00000 
ISTN     2014.39290             NaN         0.00000         0.00000 
IZMI     2014.39290             NaN         0.00000         0.00000 
KAL1     2015.01440             NaN         0.00000         0.00000 
KAL2     2014.82550             NaN         0.00000         0.00000 
KATE     2014.39290             NaN         0.00000         0.00000 
KAV1     2014.39840             NaN         0.00000         0.00000 
KIKA     2014.39290             NaN         0.00000         0.00000 
KIRL     2014.39290             NaN         0.00000         0.00000 
KOMO     2014.40380             NaN         0.00000         0.00000 
KORI     2014.39840             NaN         0.00000         0.00000 
KRU1     2014.39840             NaN         0.00000         0.00000 
KRYOKYMI     2015.01440             NaN         0.00000         0.00000 
LEMN     2014.39290             NaN         0.00000         0.00000 
LES4     2015.01440             NaN         0.00000         0.00000 
LYGO     2015.04180             NaN         0.00000         0.00000 
MET0     2014.39840             NaN         0.00000         0.00000 
NOA1     2014.39290             NaN         0.00000         0.00000 
NVRKORE1     2014.39840             NaN         0.00000         0.00000 
PRKV     2014.39290             NaN         0.00000         0.00000 
PRO2     2014.39840             NaN         0.00000         0.00000 
PTOL     2014.39840             NaN         0.00000         0.00000 
ROZH     2014.39290             NaN         0.00000         0.00000 
SALH     2014.39290             NaN         0.00000         0.00000 
SAN9     2014.39290             NaN         0.00000         0.00000 
SARY     2014.39290             NaN         0.00000         0.00000 
SERR     2014.39840             NaN         0.00000         0.00000 
SKOP     2014.39840             NaN         0.00000         0.00000 
SKYR     2014.39290             NaN         0.00000         0.00000 
SMOL     2014.82550             NaN         0.00000         0.00000 
SPET     2014.39840             NaN         0.00000         0.00000 
STRA     2014.39840             NaN         0.00000         0.00000 
SVIL     2014.48320             NaN         0.00000         0.00000 
SVRT     2014.48320             NaN         0.00000         0.00000 
SYRO     2014.39840             NaN         0.00000         0.00000 
TEKR     2014.39290             NaN         0.00000         0.00000 
THI1     2014.39840             NaN         0.00000         0.00000 
THS1     2014.39840             NaN         0.00000         0.00000 
VDVA     2014.39290             NaN         0.00000         0.00000 
VERI     2015.17590             NaN         0.00000         0.00000 
VOLO     2014.39840             NaN         0.00000         0.00000 
XIOS     2014.39840             NaN         0.00000         0.00000 
YENC     2014.39290             NaN         0.00000         0.00000 
YLDZ     2014.58180             NaN         0.00000         0.00000 
YSST     2014.48320             NaN         0.00000         0.00000 
N
AFYT     2014.39840             NaN         0.00000         0.00000 
ALE3     2015.01440             NaN         0.00000         0.00000 
ANAV     2014.39840             NaN         0.00000         0.00000 
ANDR     2014.39840             NaN         0.00000         0.00000 
ATAL     2014.40660             NaN         0.00000         0.00000 
AUT1     2014.39290             NaN         0.00000         0.00000 
AYD1     2014.39290             NaN         0.00000         0.00000 
AYVL     2014.39290             NaN         0.00000         0.00000 
BALK     2014.39290             NaN         0.00000         0.00000 
BANDBNDR     2014.39290             NaN         0.00000         0.00000 
CANA     2014.39290             NaN         0.00000         0.00000 
CESM     2014.39290             NaN         0.00000         0.00000 
DEIR     2014.39290             NaN         0.00000         0.00000 
DUTH     2014.39290             NaN         0.00000         0.00000 
DYNG     2014.39290             NaN         0.00000         0.00000 
EDES     2014.39840             NaN         0.00000         0.00000 
EDIR     2014.39290             NaN         0.00000         0.00000 
FLO2     2014.39840             NaN         0.00000         0.00000 
GOD1     2015.01710             NaN         0.00000         0.00000 
HALK     2014.39840             NaN         0.00000         0.00000 
HAR3     2014.41480             NaN         0.00000         0.00000 
IPS1     2014.43120             NaN         0.00000         0.00000 
IPSA     2014.39290             NaN         0.00000         0.00000 
ISTI     2014.39840             NaN         0.00000         0.00000 
ISTN     2014.39290             NaN         0.00000         0.00000 
IZMI     2014.39290             NaN         0.00000         0.00000 
KAL1     2015.01440             NaN         0.00000         0.00000 
KAL2     2014.82550             NaN         0.00000         0.00000 
KATE     2014.39290             NaN         0.00000         0.00000 
KAV1     2014.39840             NaN         0.00000         0.00000 
KIKA     2014.39290             NaN         0.00000         0.00000 
KIRL     2014.39290             NaN         0.00000         0.00000 
KOMO     2014.40380             NaN         0.00000         0.00000 
KORI     2014.39840             NaN         0.00000         0.00000 
KRU1     2014.39840             NaN         0.00000         0.00000 
KRYOKYMI     2015.01440             NaN         0.00000         0.00000 
LEMN     2014.39290             NaN         0.00000         0.00000 
LES4     2015.01440             NaN         0.00000         0.00000 
LYGO     2015.04180             NaN         0.00000         0.00000 
MET0     2014.39840             NaN         0.00000         0.00000 
NOA1     2014.39290             NaN         0.00000         0.00000 
NVRKORE1     2014.39840             NaN         0.00000         0.00000 
PRKV     2014.39290             NaN         0.00000         0.00000 
PRO2     2014.39840             NaN         0.00000         0.00000 
PTOL     2014.39840             NaN         0.00000         0.00000 
ROZH     2014.39290             NaN         0.00000         0.00000 
SALH     2014.39290             NaN         0.00000         0.00000 
SAN9     2014.39290             NaN         0.00000         0.00000 
SARY     2014.39290             NaN         0.00000         0.00000 
SERR     2014.39840             NaN         0.00000         0.00000 
SKOP     2014.39840             NaN         0.00000         0.00000 
SKYR     2014.39290             NaN         0.00000         0.00000 
SMOL     2014.82550             NaN         0.00000         0.00000 
SPET     2014.39840             NaN         0.00000         0.00000 
STRA     2014.39840             NaN         0.00000         0.00000 
SVIL     2014.48320             NaN         0.00000         0.00000 
SVRT     2014.48320             NaN         0.00000         0.00000 
SYRO     2014.39840             NaN         0.00000         0.00000 
TEKR     2014.39290             NaN         0.00000         0.00000 
THI1     2014.39840             NaN         0.00000         0.00000 
THS1     2014.39840             NaN         0.00000         0.00000 
VDVA     2014.39290             NaN         0.00000         0.00000 
VERI     2015.17590             NaN         0.00000         0.00000 
VOLO     2014.39840             NaN         0.00000         0.00000 
XIOS     2014.39840             NaN         0.00000         0.00000 
YENC     2014.39290             NaN         0.00000         0.00000 
YLDZ     2014.58180             NaN         0.00000         0.00000 
YSST     2014.48320             NaN         0.00000         0.00000 
U
AFYT     2014.39840         0.00000      -445.36553        46.33831 
ALE3     2015.01440             NaN         0.00000         0.00000 
ANAV     2014.39840         0.00000       -88.94421        47.40959 
ANDR     2014.39840         0.00000      -390.78537        43.41832 
ATAL     2014.40660         0.00000      -416.37341        40.20045 
AUT1     2014.39290         0.00000      -435.35666        39.20831 
AYD1     2014.39290         0.00000      -504.52423        40.98087 
AYVL     2014.39290         0.00000      -513.65499        40.48893 
BALK     2014.39290         0.00000      -521.78407        40.76154 
BANDBNDR     2014.39290         0.00000      -497.50459        39.20712 
CANA     2014.39290         0.00000      -511.80049        41.61003 
CESM     2014.39290         0.00000      -500.45073        40.25908 
DEIR     2014.39290         0.00000      -463.31163        40.80448 
DUTH     2014.39290         0.00000      -430.62203        38.89497 
DYNG     2014.39290         0.00000      -486.73421        39.48551 
EDES     2014.39840         0.00000      -271.37401        46.50556 
EDIR     2014.39290         0.00000      -497.63950        40.28538 
FLO2     2014.39840             NaN      -392.70678        88.14776 
GOD1     2015.01710             NaN         0.00000         0.00000 
HALK     2014.39840         0.00000      -295.77675        42.35190 
HAR3     2014.41480             NaN         0.00000         0.00000 
IPS1     2014.43120         0.00000         0.00000         0.00000 
IPSA     2014.39290         0.00000        15.23513        83.15557 
ISTI     2014.39840         0.00000      -471.87991        45.28976 
ISTN     2014.39290         0.00000      -246.06473        42.52202 
IZMI     2014.39290         0.00000      -429.76729        38.82176 
KAL1     2015.01440         0.00000         0.00000         0.00000 
KAL2     2014.82550         0.00000      1285.64590        86.84914 
KATE     2014.39290         0.00000      -410.69519        40.68886 
KAV1     2014.39840         0.00000      -241.17411        45.42180 
KIKA     2014.39290         0.00000      -205.33227        42.06605 
KIRL     2014.39290         0.00000      -205.99498        42.10828 
KOMO     2014.40380         0.00000      -458.86142        45.27195 
KORI     2014.39840         0.00000      -291.43873        42.51869 
KRU1     2014.39840         0.00000      -256.69023        43.30333 
KRYOKYMI     2015.01440             NaN         0.00000         0.00000 
LEMN     2014.39290         0.00000      -453.37805        39.14777 
LES4     2015.01440             NaN         0.00000         0.00000 
LYGO     2015.04180             NaN         0.00000         0.00000 
MET0     2014.39840         0.00000      -277.88006        42.56611 
NOA1     2014.39290         0.00000      -429.74239        38.72259 
NVRKORE1     2014.39840         0.00000      -308.31812        46.25765 
PRKV     2014.39290         0.00000       166.87740        42.96098 
PRO2     2014.39840         0.00000      -528.74827        50.37413 
PTOL     2014.39840         0.00000      -283.35679        42.66503 
ROZH     2014.39290         0.00000      -365.73665        42.50212 
SALH     2014.39290         0.00000      -333.65591        40.59052 
SAN9     2014.39290         0.00000      -443.60659        39.20887 
SARY     2014.39290         0.00000      -421.62997        39.62983 
SERR     2014.39840         0.00000      -418.24227        49.73796 
SKOP     2014.39840         0.00000      -249.02587        43.23426 
SKYR     2014.39290         0.00000      -448.07805        40.03614 
SMOL     2014.82550         0.00000      1195.65031        86.52624 
SPET     2014.39840         0.00000      -305.32700        42.61553 
STRA     2014.39840         0.00000      -111.76803        48.60908 
SVIL     2014.48320         0.00000      -120.21353        47.31862 
SVRT     2014.48320             NaN      1000.00000         0.00000 
SYRO     2014.39840         0.00000      -483.39678        49.23669 
TEKR     2014.39290         0.00000      -361.24953        41.09049 
THI1     2014.39840         0.00000      -303.33784        43.02268 
THS1     2014.39840         0.00000      -446.06207        46.68021 
VDVA     2014.39290         0.00000       332.29677       130.93406 
VERI     2015.17590             NaN         0.00000         0.00000 
VOLO     2014.39840         0.00000      -382.08485        43.50895 
XIOS     2014.39840         0.00000      -470.09738        47.91064 
YENC     2014.39290         0.00000      -304.72173        41.70487 
YLDZ     2014.58180             NaN         0.00000         0.00000 
YSST     2014.48320         0.00000       138.16220        57.29165 
2015.8767
EQ6.1
E
ABEL     2015.87950             NaN         0.00000         0.00000 
AGRI     2015.87680             NaN         0.00000         0.00000 
AIGI     2015.94520             NaN         0.00000         0.00000 
AMFI     2015.89600             NaN         0.00000         0.00000 
ANOC     2015.87680             NaN         0.00000         0.00000 
ARSA     2015.87680             NaN         0.00000         0.00000 
ART1     2015.87680             NaN         0.00000         0.00000 
ASSO     2015.94520             NaN         0.00000         0.00000 
DRA1     2015.89600             NaN         0.00000         0.00000 
EGIO     2016.51200             NaN         0.00000         0.00000 
EXAN     2015.89870             NaN         0.00000         0.00000 
EYPA     2015.87680             NaN         0.00000         0.00000 
FISK     2015.91790             NaN         0.00000         0.00000 
GAL3     2015.87680             NaN         0.00000         0.00000 
GEYB     2015.88230             NaN         0.00000         0.00000 
HIMA     2015.87680             NaN         0.00000         0.00000 
IGOU     2015.87680             NaN         0.00000         0.00000 
ITEA     2015.87680             NaN         0.00000         0.00000 
KARP     2015.87680             NaN         0.00000         0.00000 
KASI     2015.87680             NaN         0.00000         0.00000 
KIPO     2015.88230             NaN         0.00000         0.00000 
KLOK     2015.87680             NaN         0.00000         0.00000 
KOPA     2015.87680             NaN         0.00000         0.00000 
KOUN     2015.87680             NaN         0.00000         0.00000 
KRDI     2015.87680             NaN         0.00000         0.00000 
KRIN     2015.87680             NaN         0.00000         0.00000 
KTCH     2015.87680             NaN         0.00000         0.00000 
LAM8     2015.96710             NaN         0.00000         0.00000 
LAMJ     2015.87680             NaN         0.00000         0.00000 
LARM     2015.87680             NaN         0.00000         0.00000 
LEPE     2015.87680             NaN         0.00000         0.00000 
LFKD     2015.87680             NaN         0.00000         0.00000 
LIDO     2015.87680             NaN         0.00000         0.00000 
MESA     2015.87680             NaN         0.00000         0.00000 
MESO     2015.87680             NaN         0.00000         0.00000 
NAFP     2015.87680             NaN         0.00000         0.00000 
PAT0     2015.87680             NaN         0.00000         0.00000 
PATR     2015.87680             NaN         0.00000         0.00000 
PAXO     2015.87680             NaN         0.00000         0.00000 
PONT     2015.87680             NaN         0.00000         0.00000 
PSAR     2015.87680             NaN         0.00000         0.00000 
PSAT     2015.87680             NaN         0.00000         0.00000 
PVOG     2016.00000             NaN         0.00000         0.00000 
PYL1     2015.87680             NaN         0.00000         0.00000 
PYRG     2015.87680             NaN         0.00000         0.00000 
RETS     2015.87680             NaN         0.00000         0.00000 
RGNI     2015.88770             NaN         0.00000         0.00000 
RLSO     2015.87680             NaN         0.00000         0.00000 
ROD3     2015.87680             NaN         0.00000         0.00000 
SISS     2016.10680             NaN         0.00000         0.00000 
SPAN     2015.87680             NaN         0.00000         0.00000 
SRND     2016.07120             NaN         0.00000         0.00000 
STRF     2016.76110             NaN         0.00000         0.00000 
TRIZ     2015.87680             NaN         0.00000         0.00000 
VALI     2015.87680             NaN         0.00000         0.00000 
VLSM     2015.87680             NaN         0.00000         0.00000 
VLY1     2016.07670             NaN         0.00000         0.00000 
XILI     2015.87680             NaN         0.00000         0.00000 
ZAK2     2015.87680             NaN         0.00000         0.00000 
N
ABEL     2015.87950             NaN         0.00000         0.00000 
AGRI     2015.87680             NaN         0.00000         0.00000 
AIGI     2015.94520             NaN         0.00000         0.00000 
AMFI     2015.89600             NaN         0.00000         0.00000 
ANOC     2015.87680             NaN         0.00000         0.00000 
ARSA     2015.87680             NaN         0.00000         0.00000 
ART1     2015.87680             NaN         0.00000         0.00000 
ASSO     2015.94520             NaN         0.00000         0.00000 
DRA1     2015.89600             NaN         0.00000         0.00000 
EGIO     2016.51200             NaN         0.00000         0.00000 
EXAN     2015.89870             NaN         0.00000         0.00000 
EYPA     2015.87680             NaN         0.00000         0.00000 
FISK     2015.91790             NaN         0.00000         0.00000 
GAL3     2015.87680             NaN         0.00000         0.00000 
GEYB     2015.88230             NaN         0.00000         0.00000 
HIMA     2015.87680             NaN         0.00000         0.00000 
IGOU     2015.87680             NaN         0.00000         0.00000 
ITEA     2015.87680             NaN         0.00000         0.00000 
KARP     2015.87680             NaN         0.00000         0.00000 
KASI     2015.87680             NaN         0.00000         0.00000 
KIPO     2015.88230             NaN         0.00000         0.00000 
KLOK     2015.87680             NaN         0.00000         0.00000 
KOPA     2015.87680             NaN         0.00000         0.00000 
KOUN     2015.87680             NaN         0.00000         0.00000 
KRDI     2015.87680             NaN         0.00000         0.00000 
KRIN     2015.87680             NaN         0.00000         0.00000 
KTCH     2015.87680             NaN         0.00000         0.00000 
LAM8     2015.96710             NaN         0.00000         0.00000 
LAMJ     2015.87680             NaN         0.00000         0.00000 
LARM     2015.87680             NaN         0.00000         0.00000 
LEPE     2015.87680             NaN         0.00000         0.00000 
LFKD     2015.87680             NaN         0.00000         0.00000 
LIDO     2015.87680             NaN         0.00000         0.00000 
MESA     2015.87680             NaN         0.00000         0.00000 
MESO     2015.87680             NaN         0.00000         0.00000 
NAFP     2015.87680             NaN         0.00000         0.00000 
PAT0     2015.87680             NaN         0.00000         0.00000 
PATR     2015.87680             NaN         0.00000         0.00000 
PAXO     2015.87680             NaN         0.00000         0.00000 
PONT     2015.87680             NaN         0.00000         0.00000 
PSAR     2015.87680             NaN         0.00000         0.00000 
PSAT     2015.87680             NaN         0.00000         0.00000 
PVOG     2016.00000             NaN         0.00000         0.00000 
PYL1     2015.87680             NaN         0.00000         0.00000 
PYRG     2015.87680             NaN         0.00000         0.00000 
RETS     2015.87680             NaN         0.00000         0.00000 
RGNI     2015.88770             NaN         0.00000         0.00000 
RLSO     2015.87680             NaN         0.00000         0.00000 
ROD3     2015.87680             NaN         0.00000         0.00000 
SISS     2016.10680             NaN         0.00000         0.00000 
SPAN     2015.87680             NaN         0.00000         0.00000 
SRND     2016.07120             NaN         0.00000         0.00000 
STRF     2016.76110             NaN         0.00000         0.00000 
TRIZ     2015.87680             NaN         0.00000         0.00000 
VALI     2015.87680             NaN         0.00000         0.00000 
VLSM     2015.87680             NaN         0.00000         0.00000 
VLY1     2016.07670             NaN         0.00000         0.00000 
XILI     2015.87680             NaN         0.00000         0.00000 
ZAK2     2015.87680             NaN         0.00000         0.00000 
U
ABEL     2015.87950             NaN       536.03349        77.33098 
AGRI     2015.87680         0.00000       250.40569        54.17045 
AIGI     2015.94520         0.00000         0.00000         0.00000 
AMFI     2015.89600         0.00000       476.77880        67.52323 
ANOC     2015.87680         0.00000       350.96512        40.26796 
ARSA     2015.87680         0.00000       320.71177        41.63449 
ART1     2015.87680             NaN      -219.86728        91.97031 
ASSO     2015.94520             NaN         0.00000         0.00000 
DRA1     2015.89600             NaN         0.00000         0.00000 
EGIO     2016.51200             NaN         0.00000         0.00000 
EXAN     2015.89870             NaN         0.00000         0.00000 
EYPA     2015.87680         0.00000       433.02067        38.24896 
FISK     2015.91790         0.00000         0.00000         0.00000 
GAL3     2015.87680         0.00000       240.59903        46.18771 
GEYB     2015.88230         0.00000       401.67695        43.01743 
HIMA     2015.87680         0.00000       596.07120        37.66829 
IGOU     2015.87680         0.00000       262.11965        50.56317 
ITEA     2015.87680         0.00000       243.42260        49.81012 
KARP     2015.87680         0.00000        98.47520        54.18353 
KASI     2015.87680         0.00000       335.81942        41.73931 
KIPO     2015.88230         0.00000         0.00000         0.00000 
KLOK     2015.87680         0.00000       353.20500        40.28546 
KOPA     2015.87680             NaN       529.58326        46.53073 
KOUN     2015.87680         0.00000       499.88081        46.70400 
KRDI     2015.87680         0.00000       432.61148        47.92145 
KRIN     2015.87680         0.00000       354.97341        40.24679 
KTCH     2015.87680         0.00000       364.35267        39.93520 
LAM8     2015.96710         0.00000       611.32830        39.64159 
LAMJ     2015.87680         0.00000       480.81901        43.75018 
LARM     2015.87680         0.00000       351.46820        40.14842 
LEPE     2015.87680         0.00000       457.70770        39.21199 
LFKD     2015.87680             NaN       464.36979        45.28242 
LIDO     2015.87680         0.00000       181.97108        49.19640 
MESA     2015.87680         0.00000       347.20629        45.87978 
MESO     2015.87680         0.00000       375.36164        40.26098 
NAFP     2015.87680         0.00000       582.97504        40.28453 
PAT0     2015.87680         0.00000       440.03446        38.94399 
PATR     2015.87680         0.00000       223.48799        51.51501 
PAXO     2015.87680         0.00000       302.23830        52.76119 
PONT     2015.87680         0.00000       385.22298        39.63582 
PSAR     2015.87680         0.00000       419.47080        39.80282 
PSAT     2015.87680         0.00000       471.61264        45.98809 
PVOG     2016.00000         0.99901       769.99291        34.10351 
PYL1     2015.87680         0.00000       348.90964        41.33076 
PYRG     2015.87680         0.00000       212.57183        51.06571 
RETS     2015.87680         0.00000       122.10287        59.28792 
RGNI     2015.88770         0.00000       404.26581        41.42518 
RLSO     2015.87680         0.00000       354.66222        40.41127 
ROD3     2015.87680         0.00000       332.39877        41.50037 
SISS     2016.10680         0.99402      1449.38441        43.70702 
SPAN     2015.87680         0.00000       332.18517        41.17080 
SRND     2016.07120         0.00000         0.00000         0.00000 
STRF     2016.76110             NaN         0.00000         0.00000 
TRIZ     2015.87680         0.00000       377.16375        40.51789 
VALI     2015.87680         0.00000       457.15940        35.97039 
VLSM     2015.87680         0.00000       350.20857        40.34780 
VLY1     2016.07670         0.00000       768.36163        74.73285 
XILI     2015.87680         0.00000       397.78811        42.50639 
ZAK2     2015.87680         0.00000       373.04364        47.33817 
EQ6.2
E
ABEL     2015.87950             NaN         0.00000         0.00000 
AGRI     2015.87680             NaN         0.00000         0.00000 
AIGI     2015.94520             NaN         0.00000         0.00000 
AMFI     2015.89600             NaN         0.00000         0.00000 
ANOC     2015.87680             NaN         0.00000         0.00000 
ARSA     2015.87680             NaN         0.00000         0.00000 
ART1     2015.87680             NaN         0.00000         0.00000 
ASSO     2015.94520             NaN         0.00000         0.00000 
DRA1     2015.89600             NaN         0.00000         0.00000 
EGIO     2016.51200             NaN         0.00000         0.00000 
EXAN     2015.89870             NaN         0.00000         0.00000 
EYPA     2015.87680             NaN         0.00000         0.00000 
FISK     2015.91790             NaN         0.00000         0.00000 
GAL3     2015.87680             NaN         0.00000         0.00000 
GEYB     2015.88230             NaN         0.00000         0.00000 
HIMA     2015.87680             NaN         0.00000         0.00000 
IGOU     2015.87680             NaN         0.00000         0.00000 
ITEA     2015.87680             NaN         0.00000         0.00000 
KARP     2015.87680             NaN         0.00000         0.00000 
KASI     2015.87680             NaN         0.00000         0.00000 
KIPO     2015.88230             NaN         0.00000         0.00000 
KLOK     2015.87680             NaN         0.00000         0.00000 
KOPA     2015.87680             NaN         0.00000         0.00000 
KOUN     2015.87680             NaN         0.00000         0.00000 
KRDI     2015.87680             NaN         0.00000         0.00000 
KRIN     2015.87680             NaN         0.00000         0.00000 
KTCH     2015.87680             NaN         0.00000         0.00000 
LAM8     2015.96710             NaN         0.00000         0.00000 
LAMJ     2015.87680             NaN         0.00000         0.00000 
LARM     2015.87680             NaN         0.00000         0.00000 
LEPE     2015.87680             NaN         0.00000         0.00000 
LFKD     2015.87680             NaN         0.00000         0.00000 
LIDO     2015.87680             NaN         0.00000         0.00000 
MESA     2015.87680             NaN         0.00000         0.00000 
MESO     2015.87680             NaN         0.00000         0.00000 
NAFP     2015.87680             NaN         0.00000         0.00000 
PAT0     2015.87680             NaN         0.00000         0.00000 
PATR     2015.87680             NaN         0.00000         0.00000 
PAXO     2015.87680             NaN         0.00000         0.00000 
PONT     2015.87680             NaN         0.00000         0.00000 
PSAR     2015.87680             NaN         0.00000         0.00000 
PSAT     2015.87680             NaN         0.00000         0.00000 
PVOG     2016.00000             NaN         0.00000         0.00000 
PYL1     2015.87680             NaN         0.00000         0.00000 
PYRG     2015.87680             NaN         0.00000         0.00000 
RETS     2015.87680             NaN         0.00000         0.00000 
RGNI     2015.88770             NaN         0.00000         0.00000 
RLSO     2015.87680             NaN         0.00000         0.00000 
ROD3     2015.87680             NaN         0.00000         0.00000 
SISS     2016.10680             NaN         0.00000         0.00000 
SPAN     2015.87680             NaN         0.00000         0.00000 
SRND     2016.07120             NaN         0.00000         0.00000 
STRF     2016.76110             NaN         0.00000         0.00000 
TRIZ     2015.87680             NaN         0.00000         0.00000 
VALI     2015.87680             NaN         0.00000         0.00000 
VLSM     2015.87680             NaN         0.00000         0.00000 
VLY1     2016.07670             NaN         0.00000         0.00000 
XILI     2015.87680             NaN         0.00000         0.00000 
ZAK2     2015.87680             NaN         0.00000         0.00000 
N
ABEL     2015.87950             NaN         0.00000         0.00000 
AGRI     2015.87680             NaN         0.00000         0.00000 
AIGI     2015.94520             NaN         0.00000         0.00000 
AMFI     2015.89600             NaN         0.00000         0.00000 
ANOC     2015.87680             NaN         0.00000         0.00000 
ARSA     2015.87680             NaN         0.00000         0.00000 
ART1     2015.87680             NaN         0.00000         0.00000 
ASSO     2015.94520             NaN         0.00000         0.00000 
DRA1     2015.89600             NaN         0.00000         0.00000 
EGIO     2016.51200             NaN         0.00000         0.00000 
EXAN     2015.89870             NaN         0.00000         0.00000 
EYPA     2015.87680             NaN         0.00000         0.00000 
FISK     2015.91790             NaN         0.00000         0.00000 
GAL3     2015.87680             NaN         0.00000         0.00000 
GEYB     2015.88230             NaN         0.00000         0.00000 
HIMA     2015.87680             NaN         0.00000         0.00000 
IGOU     2015.87680             NaN         0.00000         0.00000 
ITEA     2015.87680             NaN         0.00000         0.00000 
KARP     2015.87680             NaN         0.00000         0.00000 
KASI     2015.87680             NaN         0.00000         0.00000 
KIPO     2015.88230             NaN         0.00000         0.00000 
KLOK     2015.87680             NaN         0.00000         0.00000 
KOPA     2015.87680             NaN         0.00000         0.00000 
KOUN     2015.87680             NaN         0.00000         0.00000 
KRDI     2015.87680             NaN         0.00000         0.00000 
KRIN     2015.87680             NaN         0.00000         0.00000 
KTCH     2015.87680             NaN         0.00000         0.00000 
LAM8     2015.96710             NaN         0.00000         0.00000 
LAMJ     2015.87680             NaN         0.00000         0.00000 
LARM     2015.87680             NaN         0.00000         0.00000 
LEPE     2015.87680             NaN         0.00000         0.00000 
LFKD     2015.87680             NaN         0.00000         0.00000 
LIDO     2015.87680             NaN         0.00000         0.00000 
MESA     2015.87680             NaN         0.00000         0.00000 
MESO     2015.87680             NaN         0.00000         0.00000 
NAFP     2015.87680             NaN         0.00000         0.00000 
PAT0     2015.87680             NaN         0.00000         0.00000 
PATR     2015.87680             NaN         0.00000         0.00000 
PAXO     2015.87680             NaN         0.00000         0.00000 
PONT     2015.87680             NaN         0.00000         0.00000 
PSAR     2015.87680             NaN         0.00000         0.00000 
PSAT     2015.87680             NaN         0.00000         0.00000 
PVOG     2016.00000             NaN         0.00000         0.00000 
PYL1     2015.87680             NaN         0.00000         0.00000 
PYRG     2015.87680             NaN         0.00000         0.00000 
RETS     2015.87680             NaN         0.00000         0.00000 
RGNI     2015.88770             NaN         0.00000         0.00000 
RLSO     2015.87680             NaN         0.00000         0.00000 
ROD3     2015.87680             NaN         0.00000         0.00000 
SISS     2016.10680             NaN         0.00000         0.00000 
SPAN     2015.87680             NaN         0.00000         0.00000 
SRND     2016.07120             NaN         0.00000         0.00000 
STRF     2016.76110             NaN         0.00000         0.00000 
TRIZ     2015.87680             NaN         0.00000         0.00000 
VALI     2015.87680             NaN         0.00000         0.00000 
VLSM     2015.87680             NaN         0.00000         0.00000 
VLY1     2016.07670             NaN         0.00000         0.00000 
XILI     2015.87680             NaN         0.00000         0.00000 
ZAK2     2015.87680             NaN         0.00000         0.00000 
U
ABEL     2015.87950             NaN       536.03349        77.33098 
AGRI     2015.87680         0.00000       250.40569        54.17045 
AIGI     2015.94520         0.00000         0.00000         0.00000 
AMFI     2015.89600         0.00000       476.77880        67.52323 
ANOC     2015.87680         0.00000       350.96512        40.26796 
ARSA     2015.87680         0.00000       320.71177        41.63449 
ART1     2015.87680             NaN      -219.86728        91.97031 
ASSO     2015.94520             NaN         0.00000         0.00000 
DRA1     2015.89600             NaN         0.00000         0.00000 
EGIO     2016.51200             NaN         0.00000         0.00000 
EXAN     2015.89870             NaN         0.00000         0.00000 
EYPA     2015.87680         0.00000       433.02067        38.24896 
FISK     2015.91790         0.00000         0.00000         0.00000 
GAL3     2015.87680         0.00000       240.59903        46.18771 
GEYB     2015.88230         0.00000       401.67695        43.01743 
HIMA     2015.87680         0.00000       596.07120        37.66829 
IGOU     2015.87680         0.00000       262.11965        50.56317 
ITEA     2015.87680         0.00000       243.42260        49.81012 
KARP     2015.87680         0.00000        98.47520        54.18353 
KASI     2015.87680         0.00000       335.81942        41.73931 
KIPO     2015.88230         0.00000         0.00000         0.00000 
KLOK     2015.87680         0.00000       353.20500        40.28546 
KOPA     2015.87680             NaN       529.58326        46.53073 
KOUN     2015.87680         0.00000       499.88081        46.70400 
KRDI     2015.87680         0.00000       432.61148        47.92145 
KRIN     2015.87680         0.00000       354.97341        40.24679 
KTCH     2015.87680         0.00000       364.35267        39.93520 
LAM8     2015.96710         0.00000       611.32830        39.64159 
LAMJ     2015.87680         0.00000       480.81901        43.75018 
LARM     2015.87680         0.00000       351.46820        40.14842 
LEPE     2015.87680         0.00000       457.70770        39.21199 
LFKD     2015.87680             NaN       464.36979        45.28242 
LIDO     2015.87680         0.00000       181.97108        49.19640 
MESA     2015.87680         0.00000       347.20629        45.87978 
MESO     2015.87680         0.00000       375.36164        40.26098 
NAFP     2015.87680         0.00000       582.97504        40.28453 
PAT0     2015.87680         0.00000       440.03446        38.94399 
PATR     2015.87680         0.00000       223.48799        51.51501 
PAXO     2015.87680         0.00000       302.23830        52.76119 
PONT     2015.87680         0.00000       385.22298        39.63582 
PSAR     2015.87680         0.00000       419.47080        39.80282 
PSAT     2015.87680         0.00000       471.61264        45.98809 
PVOG     2016.00000         0.99901       769.99291        34.10351 
PYL1     2015.87680         0.00000       348.90964        41.33076 
PYRG     2015.87680         0.00000       212.57183        51.06571 
RETS     2015.87680         0.00000       122.10287        59.28792 
RGNI     2015.88770         0.00000       404.26581        41.42518 
RLSO     2015.87680         0.00000       354.66222        40.41127 
ROD3     2015.87680         0.00000       332.39877        41.50037 
SISS     2016.10680         0.99402      1449.38441        43.70702 
SPAN     2015.87680         0.00000       332.18517        41.17080 
SRND     2016.07120         0.00000         0.00000         0.00000 
STRF     2016.76110             NaN         0.00000         0.00000 
TRIZ     2015.87680         0.00000       377.16375        40.51789 
VALI     2015.87680         0.00000       457.15940        35.97039 
VLSM     2015.87680         0.00000       350.20857        40.34780 
VLY1     2016.07670         0.00000       768.36163        74.73285 
XILI     2015.87680         0.00000       397.78811        42.50639 
ZAK2     2015.87680         0.00000       373.04364        47.33817 
2017.5479
EQ7.1
E
IZMI     2017.54960             NaN         0.00000         0.00000 
KATC     2017.54960             NaN         0.00000         0.00000 
MNTS     2018.00140             NaN         0.00000         0.00000 
NISY     2017.54960             NaN         0.00000         0.00000 
TILOZKRO     2017.55510             NaN         0.00000         0.00000 
N
IZMI     2017.54960             NaN         0.00000         0.00000 
KATC     2017.54960             NaN         0.00000         0.00000 
MNTS     2018.00140             NaN         0.00000         0.00000 
NISY     2017.54960             NaN         0.00000         0.00000 
TILOZKRO     2017.55510             NaN         0.00000         0.00000 
U
IZMI     2017.54960         0.00000      -477.79214        38.29110 
KATC     2017.54960         0.00000      -507.99114        43.95694 
MNTS     2018.00140             NaN         0.00000         0.00000 
NISY     2017.54960         0.00000      -484.30422        43.67976 
TILOZKRO     2017.55510         0.00000      -447.49095        51.55078 
EQ7.2
E
IZMI     2017.54960             NaN         0.00000         0.00000 
KATC     2017.54960             NaN         0.00000         0.00000 
MNTS     2018.00140             NaN         0.00000         0.00000 
NISY     2017.54960             NaN         0.00000         0.00000 
TILOZKRO     2017.55510             NaN         0.00000         0.00000 
N
IZMI     2017.54960             NaN         0.00000         0.00000 
KATC     2017.54960             NaN         0.00000         0.00000 
MNTS     2018.00140             NaN         0.00000         0.00000 
NISY     2017.54960             NaN         0.00000         0.00000 
TILOZKRO     2017.55510             NaN         0.00000         0.00000 
U
IZMI     2017.54960         0.00000      -477.79214        38.29110 
KATC     2017.54960         0.00000      -507.99114        43.95694 
MNTS     2018.00140             NaN         0.00000         0.00000 
NISY     2017.54960         0.00000      -484.30422        43.67976 
TILOZKRO     2017.55510         0.00000      -447.49095        51.55078 
2018.8137
EQ8.1
E
ABEL     2018.81450             NaN         0.00000         0.00000 
AIGI     2018.81450             NaN         0.00000         0.00000 
AMFI     2018.81450             NaN         0.00000         0.00000 
ANIK     2018.81450             NaN         0.00000         0.00000 
ANOC     2018.81450             NaN         0.00000         0.00000 
ARSA     2018.81450             NaN         0.00000         0.00000 
ASSO     2018.81450             NaN         0.00000         0.00000 
ATAL     2019.58930             NaN         0.00000         0.00000 
DYNG     2018.81450             NaN         0.00000         0.00000 
EGIO     2019.40590             NaN         0.00000         0.00000 
EYPA     2018.81450             NaN         0.00000         0.00000 
FISK     2018.81450             NaN         0.00000         0.00000 
GAL3     2018.81450             NaN         0.00000         0.00000 
GEYB     2018.81450             NaN         0.00000         0.00000 
KAL3     2018.81450             NaN         0.00000         0.00000 
KIPOKOR1     2018.81450             NaN         0.00000         0.00000 
KOUN     2018.81450             NaN         0.00000         0.00000 
KRIN     2018.81450             NaN         0.00000         0.00000 
KTCH     2018.81450             NaN         0.00000         0.00000 
LAM8     2018.81450             NaN         0.00000         0.00000 
LEPE     2018.81450             NaN         0.00000         0.00000 
LIDO     2018.81450             NaN         0.00000         0.00000 
MESA     2018.81450             NaN         0.00000         0.00000 
MESO     2018.81450             NaN         0.00000         0.00000 
MTNA     2019.59480             NaN         0.00000         0.00000 
NAFP     2018.81450             NaN         0.00000         0.00000 
NOA1     2018.81450             NaN         0.00000         0.00000 
PAT0     2018.81450             NaN         0.00000         0.00000 
PONT     2018.97880             NaN         0.00000         0.00000 
PSAR     2018.81450             NaN         0.00000         0.00000 
PSAT     2018.81450             NaN         0.00000         0.00000 
PVOG     2018.81450             NaN         0.00000         0.00000 
PYL1     2018.81450             NaN         0.00000         0.00000 
RETS     2018.88840             NaN         0.00000         0.00000 
RGNI     2018.81720             NaN         0.00000         0.00000 
RLSO     2019.15950             NaN         0.00000         0.00000 
ROD3     2018.81450             NaN         0.00000         0.00000 
SISS     2018.81450             NaN         0.00000         0.00000 
STRF     2018.81450             NaN         0.00000         0.00000 
TRIZ     2018.81450             NaN         0.00000         0.00000 
VALI     2018.81450             NaN         0.00000         0.00000 
VLSM     2018.81450             NaN         0.00000         0.00000 
VLY1     2018.89120             NaN         0.00000         0.00000 
XILI     2018.81450             NaN         0.00000         0.00000 
ZNTE     2018.89390             NaN         0.00000         0.00000 
N
ABEL     2018.81450             NaN         0.00000         0.00000 
AIGI     2018.81450             NaN         0.00000         0.00000 
AMFI     2018.81450             NaN         0.00000         0.00000 
ANIK     2018.81450             NaN         0.00000         0.00000 
ANOC     2018.81450             NaN         0.00000         0.00000 
ARSA     2018.81450             NaN         0.00000         0.00000 
ASSO     2018.81450             NaN         0.00000         0.00000 
ATAL     2019.58930             NaN         0.00000         0.00000 
DYNG     2018.81450             NaN         0.00000         0.00000 
EGIO     2019.40590             NaN         0.00000         0.00000 
EYPA     2018.81450             NaN         0.00000         0.00000 
FISK     2018.81450             NaN         0.00000         0.00000 
GAL3     2018.81450             NaN         0.00000         0.00000 
GEYB     2018.81450             NaN         0.00000         0.00000 
KAL3     2018.81450             NaN         0.00000         0.00000 
KIPOKOR1     2018.81450             NaN         0.00000         0.00000 
KOUN     2018.81450             NaN         0.00000         0.00000 
KRIN     2018.81450             NaN         0.00000         0.00000 
KTCH     2018.81450             NaN         0.00000         0.00000 
LAM8     2018.81450             NaN         0.00000         0.00000 
LEPE     2018.81450             NaN         0.00000         0.00000 
LIDO     2018.81450             NaN         0.00000         0.00000 
MESA     2018.81450             NaN         0.00000         0.00000 
MESO     2018.81450             NaN         0.00000         0.00000 
MTNA     2019.59480             NaN         0.00000         0.00000 
NAFP     2018.81450             NaN         0.00000         0.00000 
NOA1     2018.81450             NaN         0.00000         0.00000 
PAT0     2018.81450             NaN         0.00000         0.00000 
PONT     2018.97880             NaN         0.00000         0.00000 
PSAR     2018.81450             NaN         0.00000         0.00000 
PSAT     2018.81450             NaN         0.00000         0.00000 
PVOG     2018.81450             NaN         0.00000         0.00000 
PYL1     2018.81450             NaN         0.00000         0.00000 
RETS     2018.88840             NaN         0.00000         0.00000 
RGNI     2018.81720             NaN         0.00000         0.00000 
RLSO     2019.15950             NaN         0.00000         0.00000 
ROD3     2018.81450             NaN         0.00000         0.00000 
SISS     2018.81450             NaN         0.00000         0.00000 
STRF     2018.81450             NaN         0.00000         0.00000 
TRIZ     2018.81450             NaN         0.00000         0.00000 
VALI     2018.81450             NaN         0.00000         0.00000 
VLSM     2018.81450             NaN         0.00000         0.00000 
VLY1     2018.89120             NaN         0.00000         0.00000 
XILI     2018.81450             NaN         0.00000         0.00000 
ZNTE     2018.89390             NaN         0.00000         0.00000 
U
ABEL     2018.81450         0.00000        70.43828        44.89295 
AIGI     2018.81450         0.00000        90.62361        42.96967 
AMFI     2018.81450         0.00000        90.28009        42.88744 
ANIK     2018.81450         0.00000       365.66336        54.78061 
ANOC     2018.81450         0.00000       -27.07179        48.85858 
ARSA     2018.81450         0.00000        87.80828        43.51440 
ASSO     2018.81450         0.00000       116.06793        51.06984 
ATAL     2019.58930             NaN      2000.00000         0.00000 
DYNG     2018.81450         0.00000        90.43416        42.70874 
EGIO     2019.40590             NaN         0.00000         0.00000 
EYPA     2018.81450         0.00000       134.71654        43.62023 
FISK     2018.81450         0.00000        66.65373        44.72803 
GAL3     2018.81450         0.00000       130.41413        46.51833 
GEYB     2018.81450         0.00000        63.57828        43.47050 
KAL3     2018.81450         0.00000       104.63698        42.92926 
KIPOKOR1     2018.81450             NaN       233.84989        39.75789 
KOUN     2018.81450         0.00000       103.55889        42.79585 
KRIN     2018.81450         0.00000        46.28399        44.46614 
KTCH     2018.81450         0.00000       176.68594        48.81334 
LAM8     2018.81450         0.00000        67.18604        43.31252 
LEPE     2018.81450         0.00000        63.08396        49.94108 
LIDO     2018.81450         0.00000        47.79608        44.15109 
MESA     2018.81450         0.00000        34.99293        44.25003 
MESO     2018.81450         0.00000       107.79433        46.34762 
MTNA     2019.59480             NaN         0.00000         0.00000 
NAFP     2018.81450         0.00000      -111.75288        50.93307 
NOA1     2018.81450         0.00000        78.85169        42.97566 
PAT0     2018.81450         0.00000       113.36776        43.03181 
PONT     2018.97880         0.00000      1794.98808        32.09879 
PSAR     2018.81450         0.00000        60.93000        43.48259 
PSAT     2018.81450         0.00000        84.59530        42.84185 
PVOG     2018.81450         0.00000        85.01562        43.21170 
PYL1     2018.81450         0.00000        90.55204        43.35217 
RETS     2018.88840         0.00000       486.58940        50.53099 
RGNI     2018.81720         0.00000       125.40927        50.16076 
RLSO     2019.15950             NaN         0.00000         0.00000 
ROD3     2018.81450         0.00000        73.64181        43.49035 
SISS     2018.81450         0.00000       105.21524        42.95727 
STRF     2018.81450         0.00000      -282.56478        84.53957 
TRIZ     2018.81450         0.00000        83.92436        43.25772 
VALI     2018.81450         0.00000        45.73057        46.24385 
VLSM     2018.81450         0.00000        89.55609        42.77521 
VLY1     2018.89120         0.00000         0.00000         0.00000 
XILI     2018.81450         0.00000        90.94685        42.75483 
ZNTE     2018.89390         0.00000         0.00000         0.00000 
EQ8.2
E
ABEL     2018.81450             NaN         0.00000         0.00000 
AIGI     2018.81450             NaN         0.00000         0.00000 
AMFI     2018.81450             NaN         0.00000         0.00000 
ANIK     2018.81450             NaN         0.00000         0.00000 
ANOC     2018.81450             NaN         0.00000         0.00000 
ARSA     2018.81450             NaN         0.00000         0.00000 
ASSO     2018.81450             NaN         0.00000         0.00000 
ATAL     2019.58930             NaN         0.00000         0.00000 
DRA1DYNG     2018.81450             NaN         0.00000         0.00000 
EGIO     2019.40590             NaN         0.00000         0.00000 
EYPA     2018.81450             NaN         0.00000         0.00000 
FISK     2018.81450             NaN         0.00000         0.00000 
GAL3     2018.81450             NaN         0.00000         0.00000 
GEYB     2018.81450             NaN         0.00000         0.00000 
KAL3     2018.81450             NaN         0.00000         0.00000 
KIPOKOR1     2018.81450             NaN         0.00000         0.00000 
KOUN     2018.81450             NaN         0.00000         0.00000 
KRIN     2018.81450             NaN         0.00000         0.00000 
KTCH     2018.81450             NaN         0.00000         0.00000 
LAM8     2018.81450             NaN         0.00000         0.00000 
LEPE     2018.81450             NaN         0.00000         0.00000 
LIDO     2018.81450             NaN         0.00000         0.00000 
MESA     2018.81450             NaN         0.00000         0.00000 
MESO     2018.81450             NaN         0.00000         0.00000 
MTNA     2019.59480             NaN         0.00000         0.00000 
NAFP     2018.81450             NaN         0.00000         0.00000 
NOA1     2018.81450             NaN         0.00000         0.00000 
PAT0     2018.81450             NaN         0.00000         0.00000 
PONT     2018.97880             NaN         0.00000         0.00000 
PSAR     2018.81450             NaN         0.00000         0.00000 
PSAT     2018.81450             NaN         0.00000         0.00000 
PVOG     2018.81450             NaN         0.00000         0.00000 
PYL1     2018.81450             NaN         0.00000         0.00000 
RETS     2018.88840             NaN         0.00000         0.00000 
RGNI     2018.81720             NaN         0.00000         0.00000 
RLSO     2019.15950             NaN         0.00000         0.00000 
ROD3     2018.81450             NaN         0.00000         0.00000 
SISS     2018.81450             NaN         0.00000         0.00000 
STRF     2018.81450             NaN         0.00000         0.00000 
TRIZ     2018.81450             NaN         0.00000         0.00000 
VALI     2018.81450             NaN         0.00000         0.00000 
VLSM     2018.81450             NaN         0.00000         0.00000 
VLY1     2018.89120             NaN         0.00000         0.00000 
XILI     2018.81450             NaN         0.00000         0.00000 
ZNTE     2018.89390             NaN         0.00000         0.00000 
N
ABEL     2018.81450             NaN         0.00000         0.00000 
AIGI     2018.81450             NaN         0.00000         0.00000 
AMFI     2018.81450             NaN         0.00000         0.00000 
ANIK     2018.81450             NaN         0.00000         0.00000 
ANOC     2018.81450             NaN         0.00000         0.00000 
ARSA     2018.81450             NaN         0.00000         0.00000 
ASSO     2018.81450             NaN         0.00000         0.00000 
ATAL     2019.58930             NaN         0.00000         0.00000 
DRA1DYNG     2018.81450             NaN         0.00000         0.00000 
EGIO     2019.40590             NaN         0.00000         0.00000 
EYPA     2018.81450             NaN         0.00000         0.00000 
FISK     2018.81450             NaN         0.00000         0.00000 
GAL3     2018.81450             NaN         0.00000         0.00000 
GEYB     2018.81450             NaN         0.00000         0.00000 
KAL3     2018.81450             NaN         0.00000         0.00000 
KIPOKOR1     2018.81450             NaN         0.00000         0.00000 
KOUN     2018.81450             NaN         0.00000         0.00000 
KRIN     2018.81450             NaN         0.00000         0.00000 
KTCH     2018.81450             NaN         0.00000         0.00000 
LAM8     2018.81450             NaN         0.00000         0.00000 
LEPE     2018.81450             NaN         0.00000         0.00000 
LIDO     2018.81450             NaN         0.00000         0.00000 
MESA     2018.81450             NaN         0.00000         0.00000 
MESO     2018.81450             NaN         0.00000         0.00000 
MTNA     2019.59480             NaN         0.00000         0.00000 
NAFP     2018.81450             NaN         0.00000         0.00000 
NOA1     2018.81450             NaN         0.00000         0.00000 
PAT0     2018.81450             NaN         0.00000         0.00000 
PONT     2018.97880             NaN         0.00000         0.00000 
PSAR     2018.81450             NaN         0.00000         0.00000 
PSAT     2018.81450             NaN         0.00000         0.00000 
PVOG     2018.81450             NaN         0.00000         0.00000 
PYL1     2018.81450             NaN         0.00000         0.00000 
RETS     2018.88840             NaN         0.00000         0.00000 
RGNI     2018.81720             NaN         0.00000         0.00000 
RLSO     2019.15950             NaN         0.00000         0.00000 
ROD3     2018.81450             NaN         0.00000         0.00000 
SISS     2018.81450             NaN         0.00000         0.00000 
STRF     2018.81450             NaN         0.00000         0.00000 
TRIZ     2018.81450             NaN         0.00000         0.00000 
VALI     2018.81450             NaN         0.00000         0.00000 
VLSM     2018.81450             NaN         0.00000         0.00000 
VLY1     2018.89120             NaN         0.00000         0.00000 
XILI     2018.81450             NaN         0.00000         0.00000 
ZNTE     2018.89390             NaN         0.00000         0.00000 
U
ABEL     2018.81450         0.00000        70.43828        44.89295 
AIGI     2018.81450         0.00000        90.62361        42.96967 
AMFI     2018.81450         0.00000        90.28009        42.88744 
ANIK     2018.81450         0.00000       365.66336        54.78061 
ANOC     2018.81450         0.00000       -27.07179        48.85858 
ARSA     2018.81450         0.00000        87.80828        43.51440 
ASSO     2018.81450         0.00000       116.06793        51.06984 
ATAL     2019.58930             NaN      2000.00000         0.00000 
DRA1DYNG     2018.81450         0.00000        90.43416        42.70874 
EGIO     2019.40590             NaN         0.00000         0.00000 
EYPA     2018.81450         0.00000       134.71654        43.62023 
FISK     2018.81450         0.00000        66.65373        44.72803 
GAL3     2018.81450         0.00000       130.41413        46.51833 
GEYB     2018.81450         0.00000        63.57828        43.47050 
KAL3     2018.81450         0.00000       104.63698        42.92926 
KIPOKOR1     2018.81450             NaN       233.84989        39.75789 
KOUN     2018.81450         0.00000       103.55889        42.79585 
KRIN     2018.81450         0.00000        46.28399        44.46614 
KTCH     2018.81450         0.00000       176.68594        48.81334 
LAM8     2018.81450         0.00000        67.18604        43.31252 
LEPE     2018.81450         0.00000        63.08396        49.94108 
LIDO     2018.81450         0.00000        47.79608        44.15109 
MESA     2018.81450         0.00000        34.99293        44.25003 
MESO     2018.81450         0.00000       107.79433        46.34762 
MTNA     2019.59480             NaN         0.00000         0.00000 
NAFP     2018.81450         0.00000      -111.75288        50.93307 
NOA1     2018.81450         0.00000        78.85169        42.97566 
PAT0     2018.81450         0.00000       113.36776        43.03181 
PONT     2018.97880         0.00000      1794.98808        32.09879 
PSAR     2018.81450         0.00000        60.93000        43.48259 
PSAT     2018.81450         0.00000        84.59530        42.84185 
PVOG     2018.81450         0.00000        85.01562        43.21170 
PYL1     2018.81450         0.00000        90.55204        43.35217 
RETS     2018.88840         0.00000       486.58940        50.53099 
RGNI     2018.81720         0.00000       125.40927        50.16076 
RLSO     2019.15950             NaN         0.00000         0.00000 
ROD3     2018.81450         0.00000        73.64181        43.49035 
SISS     2018.81450         0.00000       105.21524        42.95727 
STRF     2018.81450         0.00000      -282.56478        84.53957 
TRIZ     2018.81450         0.00000        83.92436        43.25772 
VALI     2018.81450         0.00000        45.73057        46.24385 
VLSM     2018.81450         0.00000        89.55609        42.77521 
VLY1     2018.89120         0.00000         0.00000         0.00000 
XILI     2018.81450         0.00000        90.94685        42.75483 
ZNTE     2018.89390         0.00000         0.00000         0.00000 
2020.3333
EQ9.1
E
ARK1     2020.33400             NaN         0.00000         0.00000 
HERA     2020.33950             NaN         0.00000         0.00000 
IDI0     2020.33400             NaN         0.00000         0.00000 
IERA     2020.33400             NaN         0.00000         0.00000 
RETH     2020.33400             NaN         0.00000         0.00000 
SIT1     2020.33400             NaN         0.00000         0.00000 
SIVA     2020.45170             NaN         0.00000         0.00000 
ZKRO     2020.42980             NaN         0.00000         0.00000 
N
ARK1     2020.33400             NaN         0.00000         0.00000 
HERA     2020.33950             NaN         0.00000         0.00000 
IDI0     2020.33400             NaN         0.00000         0.00000 
IERA     2020.33400             NaN         0.00000         0.00000 
RETH     2020.33400             NaN         0.00000         0.00000 
SIT1     2020.33400             NaN         0.00000         0.00000 
SIVA     2020.45170             NaN         0.00000         0.00000 
ZKRO     2020.42980             NaN         0.00000         0.00000 
U
ARK1     2020.33400         0.00000      -524.27387        44.96102 
HERA     2020.33950         0.00000      -529.26644        50.63153 
IDI0     2020.33400         0.00000      -336.10025        40.80357 
IERA     2020.33400         0.00000      -539.83045        49.59631 
RETH     2020.33400         0.00000      -372.09038        50.78366 
SIT1     2020.33400         0.00000      -365.86961        50.29796 
SIVA     2020.45170             NaN         0.00000         0.00000 
ZKRO     2020.42980         0.00000       476.67805        66.20026 
EQ9.2
E
ARK1     2020.33400             NaN         0.00000         0.00000 
HERA     2020.33950             NaN         0.00000         0.00000 
IDI0     2020.33400             NaN         0.00000         0.00000 
IERA     2020.33400             NaN         0.00000         0.00000 
RETH     2020.33400             NaN         0.00000         0.00000 
SIT1     2020.33400             NaN         0.00000         0.00000 
SIVA     2020.45170             NaN         0.00000         0.00000 
ZKRO     2020.42980             NaN         0.00000         0.00000 
N
ARK1     2020.33400             NaN         0.00000         0.00000 
HERA     2020.33950             NaN         0.00000         0.00000 
IDI0     2020.33400             NaN         0.00000         0.00000 
IERA     2020.33400             NaN         0.00000         0.00000 
RETH     2020.33400             NaN         0.00000         0.00000 
SIT1     2020.33400             NaN         0.00000         0.00000 
SIVA     2020.45170             NaN         0.00000         0.00000 
ZKRO     2020.42980             NaN         0.00000         0.00000 
U
ARK1     2020.33400         0.00000      -524.27387        44.96102 
HERA     2020.33950         0.00000      -529.26644        50.63153 
IDI0     2020.33400         0.00000      -336.10025        40.80357 
IERA     2020.33400         0.00000      -539.83045        49.59631 
RETH     2020.33400         0.00000      -372.09038        50.78366 
SIT1     2020.33400         0.00000      -365.86961        50.29796 
SIVA     2020.45170             NaN         0.00000         0.00000 
ZKRO     2020.42980         0.00000       476.67805        66.20026 
2020.8279
EQ10.1
E
ALE3     2020.82960             NaN         0.00000         0.00000 
ANDR     2020.82960             NaN         0.00000         0.00000 
ARK1     2020.82960             NaN         0.00000         0.00000 
AST5     2021.00210             NaN         0.00000         0.00000 
ASTY     2020.82960             NaN         0.00000         0.00000 
AYVL     2020.82960             NaN         0.00000         0.00000 
BAL1     2020.82960             NaN         0.00000         0.00000 
BNDR     2020.82960             NaN         0.00000         0.00000 
DATC     2020.82960             NaN         0.00000         0.00000 
DEI1     2020.82960             NaN         0.00000         0.00000 
DIDI     2020.82960             NaN         0.00000         0.00000 
DUTH     2020.82960             NaN         0.00000         0.00000 
EDIR     2020.82960             NaN         0.00000         0.00000 
GODA     2020.82960             NaN         0.00000         0.00000 
HAR3     2021.00210             NaN         0.00000         0.00000 
HERA     2020.82960             NaN         0.00000         0.00000 
IDI0     2020.82960             NaN         0.00000         0.00000 
IERA     2020.82960             NaN         0.00000         0.00000 
IKAR     2021.00210             NaN         0.00000         0.00000 
ISTN     2020.82960             NaN         0.00000         0.00000 
IZMI     2020.82960             NaN         0.00000         0.00000 
KALY     2020.82960             NaN         0.00000         0.00000 
KARB     2020.82960             NaN         0.00000         0.00000 
KATCKAV1     2020.82960             NaN         0.00000         0.00000 
KIKA     2020.82960             NaN         0.00000         0.00000 
KIRL     2020.82960             NaN         0.00000         0.00000 
KISM     2021.00210             NaN         0.00000         0.00000 
KOM1     2021.00210             NaN         0.00000         0.00000 
KRU1     2020.82960             NaN         0.00000         0.00000 
LES4     2020.82960             NaN         0.00000         0.00000 
MIL7     2020.82960             NaN         0.00000         0.00000 
MUG1     2020.82960             NaN         0.00000         0.00000 
NAXO     2020.82960             NaN         0.00000         0.00000 
NISY     2021.65640             NaN         0.00000         0.00000 
ORE1     2020.82960             NaN         0.00000         0.00000 
PRKV     2020.82960             NaN         0.00000         0.00000 
RETH     2020.82960             NaN         0.00000         0.00000 
RODO     2020.83500             NaN         0.00000         0.00000 
SALH     2020.82960             NaN         0.00000         0.00000 
SAM3     2020.84050             NaN         0.00000         0.00000 
SAN6     2020.83230             NaN         0.00000         0.00000 
SARY     2020.82960             NaN         0.00000         0.00000 
SIT1     2020.82960             NaN         0.00000         0.00000 
SIVASKYR     2020.82960             NaN         0.00000         0.00000 
SLVR     2020.82960             NaN         0.00000         0.00000 
TEKR     2020.82960             NaN         0.00000         0.00000 
TUC2     2020.82960             NaN         0.00000         0.00000 
VAM0     2020.82960             NaN         0.00000         0.00000 
XIOS     2020.82960             NaN         0.00000         0.00000 
YEN1     2020.82960             NaN         0.00000         0.00000 
YLDZZKRON
ALE3     2020.82960             NaN         0.00000         0.00000 
ANDR     2020.82960             NaN         0.00000         0.00000 
ARK1     2020.82960             NaN         0.00000         0.00000 
AST5     2021.00210             NaN         0.00000         0.00000 
ASTY     2020.82960             NaN         0.00000         0.00000 
AYVL     2020.82960             NaN         0.00000         0.00000 
BAL1     2020.82960             NaN         0.00000         0.00000 
BNDR     2020.82960             NaN         0.00000         0.00000 
DATC     2020.82960             NaN         0.00000         0.00000 
DEI1     2020.82960             NaN         0.00000         0.00000 
DIDI     2020.82960             NaN         0.00000         0.00000 
DUTH     2020.82960             NaN         0.00000         0.00000 
EDIR     2020.82960             NaN         0.00000         0.00000 
GODA     2020.82960             NaN         0.00000         0.00000 
HAR3     2021.00210             NaN         0.00000         0.00000 
HERA     2020.82960             NaN         0.00000         0.00000 
IDI0     2020.82960             NaN         0.00000         0.00000 
IERA     2020.82960             NaN         0.00000         0.00000 
IKAR     2021.00210             NaN         0.00000         0.00000 
ISTN     2020.82960             NaN         0.00000         0.00000 
IZMI     2020.82960             NaN         0.00000         0.00000 
KALY     2020.82960             NaN         0.00000         0.00000 
KARB     2020.82960             NaN         0.00000         0.00000 
KATCKAV1     2020.82960             NaN         0.00000         0.00000 
KIKA     2020.82960             NaN         0.00000         0.00000 
KIRL     2020.82960             NaN         0.00000         0.00000 
KISM     2021.00210             NaN         0.00000         0.00000 
KOM1     2021.00210             NaN         0.00000         0.00000 
KRU1     2020.82960             NaN         0.00000         0.00000 
LES4     2020.82960             NaN         0.00000         0.00000 
MIL7     2020.82960             NaN         0.00000         0.00000 
MUG1     2020.82960             NaN         0.00000         0.00000 
NAXO     2020.82960             NaN         0.00000         0.00000 
NISY     2021.65640             NaN         0.00000         0.00000 
ORE1     2020.82960             NaN         0.00000         0.00000 
PRKV     2020.82960             NaN         0.00000         0.00000 
RETH     2020.82960             NaN         0.00000         0.00000 
RODO     2020.83500             NaN         0.00000         0.00000 
SALH     2020.82960             NaN         0.00000         0.00000 
SAM3     2020.84050             NaN         0.00000         0.00000 
SAN6     2020.83230             NaN         0.00000         0.00000 
SARY     2020.82960             NaN         0.00000         0.00000 
SIT1     2020.82960             NaN         0.00000         0.00000 
SIVASKYR     2020.82960             NaN         0.00000         0.00000 
SLVR     2020.82960             NaN         0.00000         0.00000 
TEKR     2020.82960             NaN         0.00000         0.00000 
TUC2     2020.82960             NaN         0.00000         0.00000 
VAM0     2020.82960             NaN         0.00000         0.00000 
XIOS     2020.82960             NaN         0.00000         0.00000 
YEN1     2020.82960             NaN         0.00000         0.00000 
YLDZZKROU
ALE3     2020.82960         0.00000       282.05469        46.99846 
ANDR     2020.82960         0.00000       301.89096        48.21605 
ARK1     2020.82960         0.00000       389.87500        46.81939 
AST5     2021.00210             NaN         0.00000         0.00000 
ASTY     2020.82960         0.00000       -35.98503        26.76832 
AYVL     2020.82960             NaN         0.00000         0.00000 
BAL1     2020.82960             NaN         0.00000         0.00000 
BNDR     2020.82960             NaN         0.00000         0.00000 
DATC     2020.82960             NaN         0.00000         0.00000 
DEI1     2020.82960             NaN         0.00000         0.00000 
DIDI     2020.82960             NaN         0.00000         0.00000 
DUTH     2020.82960         0.00000       140.04403        42.72797 
EDIR     2020.82960             NaN         0.00000         0.00000 
GODA     2020.82960             NaN         0.00000         0.00000 
HAR3     2021.00210         0.00000         0.00000         0.00000 
HERA     2020.82960         0.00000       537.48183        49.55864 
IDI0     2020.82960         0.00000       152.45950        42.60180 
IERA     2020.82960         0.00000       100.44612        55.03825 
IKAR     2021.00210             NaN         0.00000         0.00000 
ISTN     2020.82960             NaN         0.00000         0.00000 
IZMI     2020.82960         0.00000       495.10299        53.42206 
KALY     2020.82960         0.00000       276.63547        47.50875 
KARB     2020.82960             NaN         0.00000         0.00000 
KATCKAV1     2020.82960         0.00000       306.24069        46.85987 
KIKA     2020.82960             NaN         0.00000         0.00000 
KIRL     2020.82960             NaN         0.00000         0.00000 
KISM     2021.00210             NaN         0.00000         0.00000 
KOM1     2021.00210             NaN         0.00000         0.00000 
KRU1     2020.82960         0.00000       -11.35646        74.25889 
LES4     2020.82960         0.00000       265.99361        53.77068 
MIL7     2020.82960         0.00000       -12.11355        56.47662 
MUG1     2020.82960             NaN         0.00000         0.00000 
NAXO     2020.82960         0.00000       280.59273        51.79253 
NISY     2021.65640             NaN         0.00000         0.00000 
ORE1     2020.82960         0.00000       268.56712        52.75558 
PRKV     2020.82960         0.00000       148.97579        42.71612 
RETH     2020.82960         0.00000       277.84882        52.10497 
RODO     2020.83500         0.00000       299.04516        51.32119 
SALH     2020.82960             NaN         0.00000         0.00000 
SAM3     2020.84050         0.00000       319.94398        50.40916 
SAN6     2020.83230         0.00000       253.07113        54.22712 
SARY     2020.82960             NaN         0.00000         0.00000 
SIT1     2020.82960         0.00000       272.97126        50.85386 
SIVASKYR     2020.82960         0.00000       146.63954        42.44386 
SLVR     2020.82960             NaN         0.00000         0.00000 
TEKR     2020.82960             NaN         0.00000         0.00000 
TUC2     2020.82960         0.00000       145.26383        42.47985 
VAM0     2020.82960         0.00000         0.00000         0.00000 
XIOS     2020.82960         0.00000       282.05469        46.99846 
YEN1     2020.82960             NaN         0.00000         0.00000 
YLDZZKROEQ10.2
E
ALE3     2020.82960             NaN         0.00000         0.00000 
ANDR     2020.82960             NaN         0.00000         0.00000 
ARK1     2020.82960             NaN         0.00000         0.00000 
AST5     2021.00210             NaN         0.00000         0.00000 
ASTY     2020.82960             NaN         0.00000         0.00000 
AYVL     2020.82960             NaN         0.00000         0.00000 
BAL1     2020.82960             NaN         0.00000         0.00000 
BNDR     2020.82960             NaN         0.00000         0.00000 
DATC     2020.82960             NaN         0.00000         0.00000 
DEI1     2020.82960             NaN         0.00000         0.00000 
DIDI     2020.82960             NaN         0.00000         0.00000 
DUTH     2020.82960             NaN         0.00000         0.00000 
EDIR     2020.82960             NaN         0.00000         0.00000 
GODA     2020.82960             NaN         0.00000         0.00000 
HAR3     2021.00210             NaN         0.00000         0.00000 
HERA     2020.82960             NaN         0.00000         0.00000 
IDI0     2020.82960             NaN         0.00000         0.00000 
IERA     2020.82960             NaN         0.00000         0.00000 
IKAR     2021.00210             NaN         0.00000         0.00000 
ISTN     2020.82960             NaN         0.00000         0.00000 
IZMI     2020.82960             NaN         0.00000         0.00000 
KALY     2020.82960             NaN         0.00000         0.00000 
KARB     2020.82960             NaN         0.00000         0.00000 
KATCKAV1     2020.82960             NaN         0.00000         0.00000 
KIKA     2020.82960             NaN         0.00000         0.00000 
KIRL     2020.82960             NaN         0.00000         0.00000 
KISM     2021.00210             NaN         0.00000         0.00000 
KOM1     2021.00210             NaN         0.00000         0.00000 
KRU1     2020.82960             NaN         0.00000         0.00000 
LES4     2020.82960             NaN         0.00000         0.00000 
MIL7     2020.82960             NaN         0.00000         0.00000 
MUG1     2020.82960             NaN         0.00000         0.00000 
NAXO     2020.82960             NaN         0.00000         0.00000 
NISY     2021.65640             NaN         0.00000         0.00000 
ORE1     2020.82960             NaN         0.00000         0.00000 
PRKV     2020.82960             NaN         0.00000         0.00000 
RETH     2020.82960             NaN         0.00000         0.00000 
RODO     2020.83500             NaN         0.00000         0.00000 
SALH     2020.82960             NaN         0.00000         0.00000 
SAM3     2020.84050             NaN         0.00000         0.00000 
SAN6     2020.83230             NaN         0.00000         0.00000 
SARY     2020.82960             NaN         0.00000         0.00000 
SIT1     2020.82960             NaN         0.00000         0.00000 
SIVASKYR     2020.82960             NaN         0.00000         0.00000 
SLVR     2020.82960             NaN         0.00000         0.00000 
TEKR     2020.82960             NaN         0.00000         0.00000 
TUC2     2020.82960             NaN         0.00000         0.00000 
VAM0     2020.82960             NaN         0.00000         0.00000 
XIOS     2020.82960             NaN         0.00000         0.00000 
YEN1     2020.82960             NaN         0.00000         0.00000 
YLDZZKRON
ALE3     2020.82960             NaN         0.00000         0.00000 
ANDR     2020.82960             NaN         0.00000         0.00000 
ARK1     2020.82960             NaN         0.00000         0.00000 
AST5     2021.00210             NaN         0.00000         0.00000 
ASTY     2020.82960             NaN         0.00000         0.00000 
AYVL     2020.82960             NaN         0.00000         0.00000 
BAL1     2020.82960             NaN         0.00000         0.00000 
BNDR     2020.82960             NaN         0.00000         0.00000 
DATC     2020.82960             NaN         0.00000         0.00000 
DEI1     2020.82960             NaN         0.00000         0.00000 
DIDI     2020.82960             NaN         0.00000         0.00000 
DUTH     2020.82960             NaN         0.00000         0.00000 
EDIR     2020.82960             NaN         0.00000         0.00000 
GODA     2020.82960             NaN         0.00000         0.00000 
HAR3     2021.00210             NaN         0.00000         0.00000 
HERA     2020.82960             NaN         0.00000         0.00000 
IDI0     2020.82960             NaN         0.00000         0.00000 
IERA     2020.82960             NaN         0.00000         0.00000 
IKAR     2021.00210             NaN         0.00000         0.00000 
ISTN     2020.82960             NaN         0.00000         0.00000 
IZMI     2020.82960             NaN         0.00000         0.00000 
KALY     2020.82960             NaN         0.00000         0.00000 
KARB     2020.82960             NaN         0.00000         0.00000 
KATCKAV1     2020.82960             NaN         0.00000         0.00000 
KIKA     2020.82960             NaN         0.00000         0.00000 
KIRL     2020.82960             NaN         0.00000         0.00000 
KISM     2021.00210             NaN         0.00000         0.00000 
KOM1     2021.00210             NaN         0.00000         0.00000 
KRU1     2020.82960             NaN         0.00000         0.00000 
LES4     2020.82960             NaN         0.00000         0.00000 
MIL7     2020.82960             NaN         0.00000         0.00000 
MUG1     2020.82960             NaN         0.00000         0.00000 
NAXO     2020.82960             NaN         0.00000         0.00000 
NISY     2021.65640             NaN         0.00000         0.00000 
ORE1     2020.82960             NaN         0.00000         0.00000 
PRKV     2020.82960             NaN         0.00000         0.00000 
RETH     2020.82960             NaN         0.00000         0.00000 
RODO     2020.83500             NaN         0.00000         0.00000 
SALH     2020.82960             NaN         0.00000         0.00000 
SAM3     2020.84050             NaN         0.00000         0.00000 
SAN6     2020.83230             NaN         0.00000         0.00000 
SARY     2020.82960             NaN         0.00000         0.00000 
SIT1     2020.82960             NaN         0.00000         0.00000 
SIVASKYR     2020.82960             NaN         0.00000         0.00000 
SLVR     2020.82960             NaN         0.00000         0.00000 
TEKR     2020.82960             NaN         0.00000         0.00000 
TUC2     2020.82960             NaN         0.00000         0.00000 
VAM0     2020.82960             NaN         0.00000         0.00000 
XIOS     2020.82960             NaN         0.00000         0.00000 
YEN1     2020.82960             NaN         0.00000         0.00000 
YLDZZKROU
ALE3     2020.82960         0.00000       282.05469        46.99846 
ANDR     2020.82960         0.00000       301.89096        48.21605 
ARK1     2020.82960         0.00000       389.87500        46.81939 
AST5     2021.00210             NaN         0.00000         0.00000 
ASTY     2020.82960         0.00000       -35.98503        26.76832 
AYVL     2020.82960             NaN         0.00000         0.00000 
BAL1     2020.82960             NaN         0.00000         0.00000 
BNDR     2020.82960             NaN         0.00000         0.00000 
DATC     2020.82960             NaN         0.00000         0.00000 
DEI1     2020.82960             NaN         0.00000         0.00000 
DIDI     2020.82960             NaN         0.00000         0.00000 
DUTH     2020.82960         0.00000       140.04403        42.72797 
EDIR     2020.82960             NaN         0.00000         0.00000 
GODA     2020.82960             NaN         0.00000         0.00000 
HAR3     2021.00210         0.00000         0.00000         0.00000 
HERA     2020.82960         0.00000       537.48183        49.55864 
IDI0     2020.82960         0.00000       152.45950        42.60180 
IERA     2020.82960         0.00000       100.44612        55.03825 
IKAR     2021.00210             NaN         0.00000         0.00000 
ISTN     2020.82960             NaN         0.00000         0.00000 
IZMI     2020.82960         0.00000       495.10299        53.42206 
KALY     2020.82960         0.00000       276.63547        47.50875 
KARB     2020.82960             NaN         0.00000         0.00000 
KATCKAV1     2020.82960         0.00000       306.24069        46.85987 
KIKA     2020.82960             NaN         0.00000         0.00000 
KIRL     2020.82960             NaN         0.00000         0.00000 
KISM     2021.00210             NaN         0.00000         0.00000 
KOM1     2021.00210             NaN         0.00000         0.00000 
KRU1     2020.82960         0.00000       -11.35646        74.25889 
LES4     2020.82960         0.00000       265.99361        53.77068 
MIL7     2020.82960         0.00000       -12.11355        56.47662 
MUG1     2020.82960             NaN         0.00000         0.00000 
NAXO     2020.82960         0.00000       280.59273        51.79253 
NISY     2021.65640             NaN         0.00000         0.00000 
ORE1     2020.82960         0.00000       268.56712        52.75558 
PRKV     2020.82960         0.00000       148.97579        42.71612 
RETH     2020.82960         0.00000       277.84882        52.10497 
RODO     2020.83500         0.00000       299.04516        51.32119 
SALH     2020.82960             NaN         0.00000         0.00000 
SAM3     2020.84050         0.00000       319.94398        50.40916 
SAN6     2020.83230         0.00000       253.07113        54.22712 
SARY     2020.82960             NaN         0.00000         0.00000 
SIT1     2020.82960         0.00000       272.97126        50.85386 
SIVASKYR     2020.82960         0.00000       146.63954        42.44386 
SLVR     2020.82960             NaN         0.00000         0.00000 
TEKR     2020.82960             NaN         0.00000         0.00000 
TUC2     2020.82960         0.00000       145.26383        42.47985 
VAM0     2020.82960         0.00000         0.00000         0.00000 
XIOS     2020.82960         0.00000       282.05469        46.99846 
YEN1     2020.82960             NaN         0.00000         0.00000 
YLDZZKRO